datetime,open,high,low,close,volumns
2020-01-08 00:00:00,2.884,2.914,2.685,2.778,4425075.7
2020-01-09 00:00:00,2.777,2.799,2.695,2.745,5378993.3
2020-01-10 00:00:00,2.741,3.006,2.65,2.983,7255081.9
2020-01-11 00:00:00,2.988,3.128,2.941,2.992,6997566.2
2020-01-12 00:00:00,2.992,3.214,2.932,3.207,11263428
2020-01-13 00:00:00,3.206,3.209,3.064,3.105,11295750.7
2020-01-14 00:00:00,3.105,4.093,3.105,3.816,23670369.4
2020-01-15 00:00:00,3.811,3.955,3.569,3.768,15189203.9
2020-01-16 00:00:00,3.769,3.96,3.521,3.838,11755586.7
2020-01-17 00:00:00,3.839,4.088,3.744,3.904,14000552.1
2020-01-18 00:00:00,3.907,4.013,3.703,3.808,9526489
2020-01-19 00:00:00,3.807,3.944,3.426,3.613,10758121.7
2020-01-20 00:00:00,3.613,3.707,3.487,3.621,5555972.7
2020-01-21 00:00:00,3.623,3.695,3.553,3.654,3890984.7
2020-01-22 00:00:00,3.656,3.75,3.587,3.655,3800954.1
2020-01-23 00:00:00,3.655,3.659,3.489,3.572,5211926.8
2020-01-24 00:00:00,3.573,3.707,3.353,3.635,6304838.3
2020-01-25 00:00:00,3.638,3.638,3.489,3.501,3232995
2020-01-26 00:00:00,3.501,3.67,3.43,3.649,4965353.9
2020-01-27 00:00:00,3.651,4.065,3.645,3.965,8631565.8
2020-01-28 00:00:00,3.967,4.138,3.88,4.045,8407430.1
2020-01-29 00:00:00,4.042,4.126,3.961,3.969,6857524.5
2020-01-30 00:00:00,3.973,4.414,3.893,4.328,11216758.7
2020-01-31 00:00:00,4.332,4.378,4.03,4.151,8274121.1
2020-02-01 00:00:00,4.149,4.274,4.07,4.157,6631746
2020-02-02 00:00:00,4.157,4.338,4.049,4.217,6967069.9
2020-02-03 00:00:00,4.217,4.381,4.14,4.203,5682392.7
2020-02-04 00:00:00,4.208,4.277,4.064,4.231,4863430.6
2020-02-05 00:00:00,4.234,4.599,4.175,4.535,11866358.7
2020-02-06 00:00:00,4.535,4.688,4.407,4.609,11827598.4
2020-02-07 00:00:00,4.607,4.714,4.521,4.598,9066770.4
2020-02-08 00:00:00,4.593,4.855,4.434,4.766,10070738.6
2020-02-09 00:00:00,4.766,5.049,4.766,5.02,11460912.5
2020-02-10 00:00:00,5.019,5.069,4.741,4.901,13488374.4
2020-02-11 00:00:00,4.901,5.36,4.8,5.252,10117217
2020-02-12 00:00:00,5.246,5.482,5.246,5.341,11739643.1
2020-02-13 00:00:00,5.344,5.517,5.179,5.368,12755501.7
2020-02-14 00:00:00,5.366,5.456,5.244,5.382,8578407.2
2020-02-15 00:00:00,5.384,5.406,4.496,4.753,20962147.3
2020-02-16 00:00:00,4.751,4.869,4.025,4.384,24367605.5
2020-02-17 00:00:00,4.385,4.42,4.033,4.358,25331671.3
2020-02-18 00:00:00,4.36,4.657,4.254,4.587,13245680.6
2020-02-19 00:00:00,4.588,4.618,3.586,3.98,24707377.1
2020-02-20 00:00:00,3.977,4.068,3.784,4,18045566.6
2020-02-21 00:00:00,4.001,4.197,3.952,4.055,11820638.1
2020-02-22 00:00:00,4.055,4.166,3.972,4.106,9566316.8
2020-02-23 00:00:00,4.105,4.407,4.092,4.385,13397022.2
2020-02-24 00:00:00,4.384,4.408,3.91,4.126,23659478.3
2020-02-25 00:00:00,4.126,4.248,3.91,4.08,34128261.5
2020-02-26 00:00:00,4.081,4.113,3.322,3.538,46944004.8
2020-02-27 00:00:00,3.539,3.736,3.384,3.621,23029750.1
2020-02-28 00:00:00,3.62,3.687,3.351,3.517,22956396.1
2020-02-29 00:00:00,3.516,3.662,3.502,3.515,16912077.7
2020-03-01 00:00:00,3.515,3.657,3.421,3.513,17935588.4
2020-03-02 00:00:00,3.513,3.763,3.494,3.713,14198885.8
2020-03-03 00:00:00,3.716,3.72,3.558,3.627,14254633.2
2020-03-04 00:00:00,3.628,3.674,3.523,3.596,10048626.5
2020-03-05 00:00:00,3.597,3.844,3.595,3.768,14378151.7
2020-03-06 00:00:00,3.767,3.862,3.713,3.842,12646701.1
2020-03-07 00:00:00,3.841,3.849,3.603,3.644,12309431.4
2020-03-08 00:00:00,3.644,3.646,2.971,3.044,28976942.7
2020-03-09 00:00:00,3.045,3.169,2.848,3.061,30829464.4
2020-03-10 00:00:00,3.061,3.155,2.995,3.074,14566718.1
2020-03-11 00:00:00,3.074,3.119,2.847,3.067,16919190.1
2020-03-12 00:00:00,3.068,3.085,1.661,1.761,67259529.2
2020-03-13 00:00:00,1.759,2.297,1.351,2.114,83519481.8
2020-03-14 00:00:00,2.112,2.129,1.936,1.96,23315977.4
2020-03-15 00:00:00,1.961,2.153,1.942,2.047,18963117.3
2020-03-16 00:00:00,2.047,2.052,1.702,1.892,32991560.8
2020-03-17 00:00:00,1.893,2.035,1.867,1.968,13023458.3
2020-03-18 00:00:00,1.968,2.007,1.871,2.001,10482177.8
2020-03-19 00:00:00,2.001,2.402,1.971,2.28,12599426.3
2020-03-20 00:00:00,2.28,2.524,1.908,2.207,20257880.9
2020-03-21 00:00:00,2.207,2.362,2.108,2.275,12751385.1
2020-03-22 00:00:00,2.275,2.396,2.111,2.137,14739634.1
2020-03-23 00:00:00,2.137,2.341,2.061,2.288,9608582.1
2020-03-24 00:00:00,2.288,2.379,2.272,2.346,8815546.8
2020-03-25 00:00:00,2.346,2.373,2.228,2.298,6746616.8
2020-03-26 00:00:00,2.298,2.344,2.261,2.324,4523122.3
2020-03-27 00:00:00,2.324,2.37,2.126,2.193,8844156.7
2020-03-28 00:00:00,2.192,2.243,2.087,2.199,9073108.7
2020-03-29 00:00:00,2.2,2.216,2.093,2.115,4690895.8
2020-03-30 00:00:00,2.115,2.284,2.107,2.228,5059150.2
2020-03-31 00:00:00,2.228,2.255,2.184,2.21,3881063.9
2020-04-01 00:00:00,2.21,2.3,2.121,2.255,6506923.9
2020-04-02 00:00:00,2.253,2.503,2.25,2.29,9372789.9
2020-04-03 00:00:00,2.291,2.386,2.268,2.334,6721974.7
2020-04-04 00:00:00,2.333,2.404,2.282,2.358,5867203.3
2020-04-05 00:00:00,2.358,2.395,2.314,2.35,4091774.2
2020-04-06 00:00:00,2.351,2.773,2.35,2.76,13138095.4
2020-04-07 00:00:00,2.759,2.829,2.55,2.632,13758730.2
2020-04-08 00:00:00,2.632,2.794,2.586,2.75,9706973.7
2020-04-09 00:00:00,2.749,2.761,2.665,2.724,5077295.5
2020-04-10 00:00:00,2.723,2.745,2.408,2.492,11225460.9
2020-04-11 00:00:00,2.492,2.546,2.421,2.508,5264702.3
2020-04-12 00:00:00,2.507,2.591,2.453,2.498,5697387.3
2020-04-13 00:00:00,2.498,2.499,2.322,2.441,9420703.3
2020-04-14 00:00:00,2.441,2.502,2.411,2.465,4959463.8
2020-04-15 00:00:00,2.465,2.501,2.386,2.399,7519975.3
2020-04-16 00:00:00,2.399,2.722,2.326,2.659,19536795.8
2020-04-17 00:00:00,2.659,2.674,2.581,2.614,8500620.5
2020-04-18 00:00:00,2.614,2.766,2.612,2.728,8624401.3
2020-04-19 00:00:00,2.73,2.737,2.537,2.599,13587783.9
2020-04-20 00:00:00,2.597,2.707,2.43,2.507,19822821.6
2020-04-21 00:00:00,2.507,2.569,2.473,2.518,9694743.5
2020-04-22 00:00:00,2.52,2.654,2.505,2.625,7539414.8
2020-04-23 00:00:00,2.625,2.765,2.575,2.682,9761610.6
2020-04-24 00:00:00,2.682,2.744,2.656,2.708,8751817.5
2020-04-25 00:00:00,2.708,2.81,2.633,2.703,14962321.1
2020-04-26 00:00:00,2.705,2.786,2.665,2.737,11734662.2
2020-04-27 00:00:00,2.739,2.82,2.68,2.747,12264142.1
2020-04-28 00:00:00,2.745,2.778,2.684,2.764,9985469.5
2020-04-29 00:00:00,2.764,3.096,2.754,3.008,28433215.5
2020-04-30 00:00:00,3.011,3.123,2.749,2.823,23966365.9
2020-05-01 00:00:00,2.822,2.931,2.819,2.876,10487709
2020-05-02 00:00:00,2.874,2.953,2.853,2.944,8502862.4
2020-05-03 00:00:00,2.944,3.017,2.756,2.838,13239811.7
2020-05-04 00:00:00,2.838,2.848,2.626,2.771,14578293
2020-05-05 00:00:00,2.772,2.83,2.715,2.772,8738408
2020-05-06 00:00:00,2.772,2.824,2.618,2.653,10953241.2
2020-05-07 00:00:00,2.653,2.807,2.587,2.759,19122954.1
2020-05-08 00:00:00,2.758,2.828,2.698,2.756,12090264.9
2020-05-09 00:00:00,2.756,2.843,2.728,2.755,14363640.4
2020-05-10 00:00:00,2.753,2.758,2.238,2.443,27183818.1
2020-05-11 00:00:00,2.443,2.494,2.261,2.398,16786102.6
2020-05-12 00:00:00,2.397,2.468,2.394,2.44,8701105.9
2020-05-13 00:00:00,2.44,2.558,2.42,2.524,7553251.7
2020-05-14 00:00:00,2.524,2.652,2.465,2.622,11165483.3
2020-05-15 00:00:00,2.622,2.666,2.531,2.583,15515986.2
2020-05-16 00:00:00,2.583,2.684,2.569,2.635,9934769.3
2020-05-17 00:00:00,2.634,2.675,2.593,2.618,7956125.9
2020-05-18 00:00:00,2.618,2.75,2.607,2.666,11617148.7
2020-05-19 00:00:00,2.666,2.669,2.57,2.653,8741728.7
2020-05-20 00:00:00,2.655,2.679,2.524,2.596,13214650.7
2020-05-21 00:00:00,2.598,2.617,2.404,2.46,11253627.9
2020-05-22 00:00:00,2.461,2.637,2.438,2.595,9916007.9
2020-05-23 00:00:00,2.595,2.623,2.542,2.561,7915431.8
2020-05-24 00:00:00,2.561,2.616,2.483,2.487,12824369.3
2020-05-25 00:00:00,2.486,2.548,2.443,2.53,6873299
2020-05-26 00:00:00,2.528,2.537,2.455,2.504,6281152
2020-05-27 00:00:00,2.503,2.578,2.497,2.574,8035953.4
2020-05-28 00:00:00,2.573,2.62,2.516,2.612,7925006.1
2020-05-29 00:00:00,2.613,2.671,2.587,2.614,8193972.4
2020-05-30 00:00:00,2.616,2.784,2.597,2.773,13043480.8
2020-05-31 00:00:00,2.773,2.775,1.96,2.674,16922097.9
2020-06-01 00:00:00,2.673,2.834,2.663,2.823,14882134.7
2020-06-02 00:00:00,2.823,2.9,2.394,2.677,20896299
2020-06-03 00:00:00,2.677,2.712,2.634,2.696,11127572.1
2020-06-04 00:00:00,2.696,2.75,2.661,2.724,12573684.3
2020-06-05 00:00:00,2.724,2.871,2.707,2.818,22008211.9
2020-06-06 00:00:00,2.818,2.848,2.771,2.799,16816827
2020-06-07 00:00:00,2.801,2.831,2.732,2.809,15640907.9
2020-06-08 00:00:00,2.809,2.819,2.754,2.79,10803400.7
2020-06-09 00:00:00,2.79,2.804,2.679,2.753,13641796.8
2020-06-10 00:00:00,2.752,2.789,2.7,2.757,10151976.7
2020-06-11 00:00:00,2.757,2.776,2.424,2.514,20455887.4
2020-06-12 00:00:00,2.515,2.626,2.487,2.598,10929998.5
2020-06-13 00:00:00,2.598,2.622,2.551,2.606,8537204.9
2020-06-14 00:00:00,2.606,2.608,2.526,2.568,6770547.2
2020-06-15 00:00:00,2.568,2.57,2.42,2.531,16183905.9
2020-06-16 00:00:00,2.532,2.566,2.521,2.554,7344308.8
2020-06-17 00:00:00,2.554,2.607,2.516,2.568,12880928.4
2020-06-18 00:00:00,2.568,2.577,2.494,2.537,7196331.5
2020-06-19 00:00:00,2.537,2.559,2.501,2.524,6372596.4
2020-06-20 00:00:00,2.524,2.557,2.446,2.534,8626985
2020-06-21 00:00:00,2.534,2.554,2.51,2.515,5997827.8
2020-06-22 00:00:00,2.515,2.605,2.509,2.585,8130549.4
2020-06-23 00:00:00,2.585,2.597,2.554,2.572,6117049.6
2020-06-24 00:00:00,2.572,2.602,2.456,2.502,11223345.7
2020-06-25 00:00:00,2.501,2.534,2.429,2.479,6842784.3
2020-06-26 00:00:00,2.479,2.518,2.388,2.481,11043481.8
2020-06-27 00:00:00,2.481,2.486,2.19,2.331,13799397.5
2020-06-28 00:00:00,2.331,2.402,2.301,2.366,8961984.7
2020-06-29 00:00:00,2.367,2.414,2.324,2.379,9851822.4
2020-06-30 00:00:00,2.379,2.388,2.342,2.366,4596802.7
2020-07-01 00:00:00,2.367,2.404,2.353,2.378,6447052.7
2020-07-02 00:00:00,2.376,2.387,2.299,2.358,9683277.8
2020-07-03 00:00:00,2.358,2.452,2.349,2.416,10757193.9
2020-07-04 00:00:00,2.416,2.505,2.409,2.459,13295508
2020-07-05 00:00:00,2.459,2.471,2.317,2.407,12197108.3
2020-07-06 00:00:00,2.408,2.641,2.4,2.611,17584985
2020-07-07 00:00:00,2.61,2.629,2.522,2.56,11587400.7
2020-07-08 00:00:00,2.56,2.712,2.54,2.68,19358871.5
2020-07-09 00:00:00,2.68,2.728,2.579,2.65,20291643.3
2020-07-10 00:00:00,2.65,2.652,2.573,2.624,11301739.1
2020-07-11 00:00:00,2.624,2.643,2.59,2.622,8233211.5
2020-07-12 00:00:00,2.623,2.663,2.561,2.62,10735848
2020-07-13 00:00:00,2.62,2.651,2.436,2.554,17249884.8
2020-07-14 00:00:00,2.554,2.578,2.504,2.56,7803505.9
2020-07-15 00:00:00,2.56,2.569,2.508,2.537,8196982.9
2020-07-16 00:00:00,2.538,2.561,2.428,2.502,10985492.2
2020-07-17 00:00:00,2.502,2.525,2.472,2.496,5000722.1
2020-07-18 00:00:00,2.496,2.522,2.48,2.502,4771405.9
2020-07-19 00:00:00,2.502,2.612,2.466,2.586,11454264.1
2020-07-20 00:00:00,2.586,2.615,2.533,2.563,14607904.6
2020-07-21 00:00:00,2.564,2.636,2.556,2.625,11544603
2020-07-22 00:00:00,2.624,2.673,2.578,2.663,10515515.9
2020-07-23 00:00:00,2.662,2.694,2.626,2.657,13797462.1
2020-07-24 00:00:00,2.656,2.659,2.558,2.596,11220327.5
2020-07-25 00:00:00,2.598,2.752,2.595,2.731,17171820.4
2020-07-26 00:00:00,2.732,2.814,2.678,2.716,22605912.4
2020-07-27 00:00:00,2.715,2.936,2.635,2.851,49622658.6
2020-07-28 00:00:00,2.851,3.085,2.78,3,48009235.2
2020-07-29 00:00:00,3.001,3.158,2.955,3.029,42592802.3
2020-07-30 00:00:00,3.028,3.108,2.957,3.051,23026671.3
2020-07-31 00:00:00,3.05,3.151,3.015,3.096,19824649.9
2020-08-01 00:00:00,3.098,3.332,3.074,3.305,36478761.5
2020-08-02 00:00:00,3.307,3.504,2.51,2.947,57909740.5
2020-08-03 00:00:00,2.948,3.129,2.902,3.051,28649444.9
2020-08-04 00:00:00,3.05,3.108,2.963,3.042,21529811.4
2020-08-05 00:00:00,3.042,3.107,2.979,3.057,22035272.9
2020-08-06 00:00:00,3.057,3.188,3.004,3.094,24081128.1
2020-08-07 00:00:00,3.093,3.257,2.755,3.012,41220991.2
2020-08-08 00:00:00,3.013,3.094,2.976,3.068,15420088.7
2020-08-09 00:00:00,3.068,3.088,2.931,3.031,14811141.8
2020-08-10 00:00:00,3.031,3.3,2.963,3.242,37492739.1
2020-08-11 00:00:00,3.242,3.303,2.867,3.009,44662215.5
2020-08-12 00:00:00,3.009,3.054,2.89,3.03,21321381.7
2020-08-13 00:00:00,3.029,3.153,2.92,3.14,28326245
2020-08-14 00:00:00,3.142,3.3,3.088,3.266,33340472.4
2020-08-15 00:00:00,3.268,3.857,3.267,3.729,87106196.6
2020-08-16 00:00:00,3.728,3.956,3.5,3.885,77094108.2
2020-08-17 00:00:00,3.885,3.928,3.666,3.78,56074678.1
2020-08-18 00:00:00,3.781,3.827,3.511,3.582,45551580.6
2020-08-19 00:00:00,3.581,3.636,3.215,3.351,51636728
2020-08-20 00:00:00,3.352,3.463,3.35,3.448,26039991.2
2020-08-21 00:00:00,3.447,3.631,3.22,3.254,44899692.5
2020-08-22 00:00:00,3.256,3.383,3.168,3.365,18540639.4
2020-08-23 00:00:00,3.364,3.392,3.229,3.324,14831866.3
2020-08-24 00:00:00,3.325,3.427,3.287,3.389,16960135.8
2020-08-25 00:00:00,3.388,3.398,2.95,3.123,30509177.5
2020-08-26 00:00:00,3.122,3.17,3.062,3.12,19422123.7
2020-08-27 00:00:00,3.121,3.152,2.851,2.982,31072565.2
2020-08-28 00:00:00,2.983,3.177,2.94,3.12,23120525.1
2020-08-29 00:00:00,3.12,3.21,3.086,3.129,16602960.9
2020-08-30 00:00:00,3.129,3.278,3.129,3.265,19532475.1
2020-08-31 00:00:00,3.266,3.298,3.195,3.211,15101556.1
2020-09-01 00:00:00,3.213,3.56,3.154,3.475,28813487.3
2020-09-02 00:00:00,3.475,3.506,2.873,3.105,36792945.9
2020-09-03 00:00:00,3.106,3.162,2.477,2.612,44164427.5
2020-09-04 00:00:00,2.612,3.245,2.577,2.995,90795079.9
2020-09-05 00:00:00,2.994,3.152,2.771,2.94,84125244.9
2020-09-06 00:00:00,2.94,3.035,2.807,2.902,26266416.2
2020-09-07 00:00:00,2.903,2.941,2.655,2.854,26162716.9
2020-09-08 00:00:00,2.854,2.862,2.667,2.762,21196241.4
2020-09-09 00:00:00,2.761,2.816,2.696,2.75,12806931
2020-09-10 00:00:00,2.75,2.842,2.737,2.776,14236339.4
2020-09-11 00:00:00,2.776,2.823,2.716,2.785,13189060.2
2020-09-12 00:00:00,2.785,2.832,2.742,2.806,9234742.8
2020-09-13 00:00:00,2.806,2.83,2.672,2.727,14945579.3
2020-09-14 00:00:00,2.727,2.768,2.686,2.733,11461212.8
2020-09-15 00:00:00,2.733,2.784,2.698,2.704,14694663.3
2020-09-16 00:00:00,2.704,2.75,2.574,2.714,20753520.8
2020-09-17 00:00:00,2.714,2.779,2.692,2.739,13076826.1
2020-09-18 00:00:00,2.739,2.751,2.65,2.692,10289191.8
2020-09-19 00:00:00,2.692,2.739,2.681,2.704,8188135
2020-09-20 00:00:00,2.704,2.704,2.622,2.673,9864024.2
2020-09-21 00:00:00,2.674,2.69,2.483,2.506,19338083.3
2020-09-22 00:00:00,2.506,2.586,2.488,2.57,11112154.1
2020-09-23 00:00:00,2.57,2.579,2.389,2.442,13839462.2
2020-09-24 00:00:00,2.442,2.562,2.423,2.534,10591459.8
2020-09-25 00:00:00,2.534,2.561,2.463,2.546,12425560
2020-09-26 00:00:00,2.546,2.607,2.503,2.566,11741293.9
2020-09-27 00:00:00,2.566,2.604,2.526,2.591,8482115.8
2020-09-28 00:00:00,2.591,2.635,2.551,2.562,11683651.5
2020-09-29 00:00:00,2.562,2.605,2.554,2.601,6796888.3
2020-09-30 00:00:00,2.601,2.602,2.557,2.579,6537792.6
2020-10-01 00:00:00,2.579,2.627,2.484,2.545,12011756.4
2020-10-02 00:00:00,2.545,2.558,2.412,2.479,13709561.6
2020-10-03 00:00:00,2.479,2.503,2.467,2.477,4486738.9
2020-10-04 00:00:00,2.477,2.536,2.464,2.518,6337450.5
2020-10-05 00:00:00,2.517,2.539,2.491,2.526,6437534.3
2020-10-06 00:00:00,2.527,2.973,2.485,2.696,106360686.1
2020-10-07 00:00:00,2.696,2.718,2.588,2.643,43141088.5
2020-10-08 00:00:00,2.643,2.654,2.485,2.607,22288490.3
2020-10-09 00:00:00,2.606,2.657,2.58,2.642,12946941.5
2020-10-10 00:00:00,2.641,2.721,2.634,2.643,13267578.6
2020-10-11 00:00:00,2.643,2.689,2.614,2.658,8246783.2
2020-10-12 00:00:00,2.659,2.685,2.607,2.646,15857674.9
2020-10-13 00:00:00,2.646,2.668,2.611,2.641,12356840.5
2020-10-14 00:00:00,2.641,2.654,2.572,2.608,11721025.9
2020-10-15 00:00:00,2.608,2.631,2.583,2.6,9843432
2020-10-16 00:00:00,2.6,2.612,2.484,2.538,16170277.8
2020-10-17 00:00:00,2.539,2.553,2.505,2.523,5994500.9
2020-10-18 00:00:00,2.524,2.561,2.519,2.547,4609287.8
2020-10-19 00:00:00,2.547,2.614,2.525,2.584,11069512.8
2020-10-20 00:00:00,2.583,2.589,2.502,2.528,14118802.9
2020-10-21 00:00:00,2.528,2.659,2.522,2.608,19620918.6
2020-10-22 00:00:00,2.608,2.708,2.607,2.673,22070221.8
2020-10-23 00:00:00,2.673,2.688,2.6,2.643,14538346.9
2020-10-24 00:00:00,2.643,2.674,2.617,2.664,8130951
2020-10-25 00:00:00,2.664,2.741,2.62,2.711,13190883.7
2020-10-26 00:00:00,2.711,2.754,2.589,2.632,25205779.9
2020-10-27 00:00:00,2.631,2.699,2.629,2.675,14432947.7
2020-10-28 00:00:00,2.674,2.758,2.621,2.656,30874251.8
2020-10-29 00:00:00,2.656,2.683,2.601,2.64,14737845.3
2020-10-30 00:00:00,2.64,2.649,2.4,2.505,24488746.8
2020-10-31 00:00:00,2.505,2.566,2.494,2.528,12270524.7
2020-11-01 00:00:00,2.528,2.54,2.453,2.519,8243845.4
2020-11-02 00:00:00,2.518,2.553,2.408,2.432,17329102.9
2020-11-03 00:00:00,2.432,2.444,2.21,2.364,24760068.8
2020-11-04 00:00:00,2.364,2.376,2.289,2.35,14312922.3
2020-11-05 00:00:00,2.351,2.491,2.35,2.449,23405424.9
2020-11-06 00:00:00,2.449,2.549,2.439,2.537,26596593.4
2020-11-07 00:00:00,2.537,2.633,2.446,2.499,30488146.1
2020-11-08 00:00:00,2.499,2.566,2.484,2.537,9644836.9
2020-11-09 00:00:00,2.537,2.561,2.457,2.5,13184550.8
2020-11-10 00:00:00,2.5,2.531,2.477,2.501,11519772.9
2020-11-11 00:00:00,2.501,2.542,2.493,2.501,11193999.8
2020-11-12 00:00:00,2.5,2.506,2.433,2.465,14027436.1
2020-11-13 00:00:00,2.465,2.644,2.456,2.602,21951757.8
2020-11-14 00:00:00,2.602,2.614,2.495,2.537,14046374.8
2020-11-15 00:00:00,2.538,2.55,2.47,2.499,11599347.2
2020-11-16 00:00:00,2.499,2.609,2.487,2.584,18727202.4
2020-11-17 00:00:00,2.584,2.757,2.577,2.72,34664550.8
2020-11-18 00:00:00,2.72,2.737,2.44,2.639,40597694.8
2020-11-19 00:00:00,2.639,2.703,2.559,2.639,21411338.9
2020-11-20 00:00:00,2.639,2.834,2.636,2.784,39590129.6
2020-11-21 00:00:00,2.784,3.269,2.684,3.24,90047331.5
2020-11-22 00:00:00,3.241,3.324,2.898,3.069,85667753.5
2020-11-23 00:00:00,3.069,3.406,2.998,3.384,93030955
2020-11-24 00:00:00,3.383,3.798,3.333,3.606,126298499.7
2020-11-25 00:00:00,3.607,3.891,3.3,3.429,99487732.6
2020-11-26 00:00:00,3.429,3.539,2.704,2.951,117543658
2020-11-27 00:00:00,2.952,3.028,2.75,2.873,46443455.2
2020-11-28 00:00:00,2.873,3.072,2.822,2.998,39620549.4
2020-11-29 00:00:00,2.997,3.101,2.903,3.032,36348077.5
2020-11-30 00:00:00,3.033,3.29,2.996,3.263,50693037
2020-12-01 00:00:00,3.263,3.345,2.909,2.995,63411733.4
2020-12-02 00:00:00,2.995,3.088,2.958,3.058,25187518.4
2020-12-03 00:00:00,3.057,3.14,3.012,3.084,20826340.3
2020-12-04 00:00:00,3.084,3.153,2.796,2.846,34377963.6
2020-12-05 00:00:00,2.845,3.015,2.82,3.01,17988149.6
2020-12-06 00:00:00,3.011,3.039,2.91,3,17110021.7
2020-12-07 00:00:00,3,3.013,2.909,2.952,14258214.9
2020-12-08 00:00:00,2.953,2.964,2.744,2.803,19756458.2
2020-12-09 00:00:00,2.804,2.84,2.662,2.81,19382068.9
2020-12-10 00:00:00,2.811,2.817,2.702,2.741,12422944
2020-12-11 00:00:00,2.742,2.753,2.648,2.696,15824884.1
2020-12-12 00:00:00,2.696,2.788,2.679,2.769,10787853.1
2020-12-13 00:00:00,2.769,2.901,2.753,2.853,14424231
2020-12-14 00:00:00,2.853,2.866,2.801,2.849,15505789.8
2020-12-15 00:00:00,2.849,2.906,2.807,2.863,18210102.1
2020-12-16 00:00:00,2.863,3.119,2.816,3.104,29489308.3
2020-12-17 00:00:00,3.105,3.266,2.977,3.045,72489999.6
2020-12-18 00:00:00,3.045,3.135,2.986,3.063,31922366.1
2020-12-19 00:00:00,3.063,3.127,3.029,3.056,23722212
2020-12-20 00:00:00,3.056,3.34,3.005,3.139,65213171.9
2020-12-21 00:00:00,3.138,3.283,2.904,2.932,59984428.3
2020-12-22 00:00:00,2.933,2.956,2.77,2.9,40869344.9
2020-12-23 00:00:00,2.899,2.918,1.963,2.312,105082627.5
2020-12-24 00:00:00,2.312,2.695,2.248,2.667,79553875.8
2020-12-25 00:00:00,2.667,2.745,2.54,2.666,56371404.8
2020-12-26 00:00:00,2.667,2.697,2.525,2.614,35751133.8
2020-12-27 00:00:00,2.614,2.877,2.479,2.719,64028682
2020-12-28 00:00:00,2.72,2.898,2.686,2.768,41093387.5
2020-12-29 00:00:00,2.767,2.799,2.503,2.643,46546468.2
2020-12-30 00:00:00,2.643,2.677,2.536,2.615,33254095.9
2020-12-31 00:00:00,2.616,2.66,2.51,2.593,33262356.7
2021-01-01 00:00:00,2.593,2.736,2.57,2.64,24442169.3
2021-01-02 00:00:00,2.64,2.728,2.564,2.633,36301804.4
2021-01-03 00:00:00,2.633,2.859,2.579,2.804,78744991.8
2021-01-04 00:00:00,2.806,3.132,2.61,2.822,120902355.4
2021-01-05 00:00:00,2.823,2.958,2.714,2.888,59609880.6
2021-01-06 00:00:00,2.888,3.47,2.852,3.379,120258713.8
2021-01-07 00:00:00,3.38,3.462,3.04,3.201,131158512.1
2021-01-08 00:00:00,3.202,3.262,2.898,3.112,81000796
2021-01-09 00:00:00,3.113,3.758,3.016,3.627,123650226
2021-01-10 00:00:00,3.626,3.938,2.84,3.062,266200631.7
2021-01-11 00:00:00,3.063,3.078,2.384,2.67,170879075.9
2021-01-12 00:00:00,2.67,2.775,2.531,2.596,62179254.3
2021-01-13 00:00:00,2.597,2.795,2.525,2.771,49544886
2021-01-14 00:00:00,2.771,2.864,2.694,2.812,46900836.2
2021-01-15 00:00:00,2.813,2.944,2.579,2.76,66582083
2021-01-16 00:00:00,2.759,2.893,2.706,2.78,49224673.6
2021-01-17 00:00:00,2.78,2.808,2.683,2.768,30747017.8
2021-01-18 00:00:00,2.768,2.843,2.705,2.819,31686331.5
2021-01-19 00:00:00,2.82,2.938,2.781,2.793,52162104.8
2021-01-20 00:00:00,2.794,2.829,2.66,2.779,37585273.7
2021-01-21 00:00:00,2.78,2.788,2.496,2.548,42192875.1
2021-01-22 00:00:00,2.547,2.679,2.429,2.626,43472228.1
2021-01-23 00:00:00,2.626,2.789,2.576,2.705,39045070.3
2021-01-24 00:00:00,2.705,2.779,2.648,2.717,26732599.7
2021-01-25 00:00:00,2.717,2.773,2.631,2.652,27923410.2
2021-01-26 00:00:00,2.652,2.678,2.556,2.632,22850326.4
2021-01-27 00:00:00,2.632,2.632,2.465,2.502,26352733.8
2021-01-28 00:00:00,2.503,2.8,2.477,2.71,57923055.9
2021-01-29 00:00:00,2.711,2.909,2.652,2.729,66982216.7
2021-01-30 00:00:00,2.728,3.11,2.69,2.934,81628095.6
2021-01-31 00:00:00,2.934,3.084,2.804,2.934,79448281.9
2021-02-01 00:00:00,2.933,3.293,2.892,3.06,140308269.8
2021-02-02 00:00:00,3.06,3.085,2.96,3.001,44963712.4
2021-02-03 00:00:00,3.001,3.15,2.989,3.072,48778892.4
2021-02-04 00:00:00,3.07,3.157,2.981,3.028,57640878.1
2021-02-05 00:00:00,3.028,3.39,3.016,3.32,76824280
2021-02-06 00:00:00,3.319,3.337,3.129,3.215,54549765.1
2021-02-07 00:00:00,3.217,3.6,3.019,3.444,155836527.3
2021-02-08 00:00:00,3.444,3.607,3.353,3.601,86807692.1
2021-02-09 00:00:00,3.604,4.327,3.484,4.177,148919620.9
2021-02-10 00:00:00,4.176,4.57,3.564,4.134,209661476
2021-02-11 00:00:00,4.134,4.688,4.005,4.593,127266642.3
2021-02-12 00:00:00,4.592,4.861,4.224,4.76,108867266.7
2021-02-13 00:00:00,4.761,5.58,4.501,5.571,172222107.6
2021-02-14 00:00:00,5.572,5.648,4.857,5.077,110853479.2
2021-02-15 00:00:00,5.076,5.257,4.097,4.72,155437816.5
2021-02-16 00:00:00,4.719,4.981,4.405,4.647,97147767
2021-02-17 00:00:00,4.646,4.909,4.421,4.847,68709920.1
2021-02-18 00:00:00,4.849,5.004,4.658,4.825,61013167.5
2021-02-19 00:00:00,4.826,5.4,4.654,5.232,89241254.6
2021-02-20 00:00:00,5.234,5.475,4.51,4.848,101171949
2021-02-21 00:00:00,4.843,5.373,4.734,5.11,81790887.8
2021-02-22 00:00:00,5.109,5.316,3.8,4.689,163903452.3
2021-02-23 00:00:00,4.691,4.724,3.14,3.848,206944519.9
2021-02-24 00:00:00,3.849,4.139,3.672,3.887,89973247
2021-02-25 00:00:00,3.887,4.099,3.623,3.672,78319641.2
2021-02-26 00:00:00,3.67,3.773,3.391,3.549,83103505.1
2021-02-27 00:00:00,3.55,3.843,3.541,3.674,60846533.3
2021-02-28 00:00:00,3.674,3.704,3.243,3.479,68600603
2021-03-01 00:00:00,3.479,3.763,3.451,3.708,45906882.4
2021-03-02 00:00:00,3.71,3.856,3.565,3.672,52845082.1
2021-03-03 00:00:00,3.672,4.073,3.644,3.828,69825458
2021-03-04 00:00:00,3.829,3.931,3.64,3.752,50578283.7
2021-03-05 00:00:00,3.752,3.76,3.557,3.693,39204014.3
2021-03-06 00:00:00,3.693,3.773,3.6,3.722,29717009.3
2021-03-07 00:00:00,3.723,3.85,3.715,3.835,27680579
2021-03-08 00:00:00,3.835,3.928,3.737,3.904,46002198.9
2021-03-09 00:00:00,3.904,4.194,3.85,4.173,63013616.8
2021-03-10 00:00:00,4.173,4.197,3.9,3.995,68529798.9
2021-03-11 00:00:00,3.994,4.054,3.809,3.958,64584427.3
2021-03-12 00:00:00,3.958,4,3.672,3.786,61832235.7
2021-03-13 00:00:00,3.786,4.392,3.68,4.292,67773292.4
2021-03-14 00:00:00,4.293,4.395,3.928,3.928,61118759.3
2021-03-15 00:00:00,3.927,4.042,3.72,3.819,63201428.1
2021-03-16 00:00:00,3.817,4.144,3.671,4.071,74870602.5
2021-03-17 00:00:00,4.072,4.1,3.86,4.093,40854508.7
2021-03-18 00:00:00,4.093,4.337,4.061,4.15,67706560.6
2021-03-19 00:00:00,4.15,4.271,4.027,4.144,44686032.9
2021-03-20 00:00:00,4.144,4.512,4.13,4.337,69338361.3
2021-03-21 00:00:00,4.337,4.425,4.117,4.16,54523425.5
2021-03-22 00:00:00,4.16,4.354,4.002,4.082,69610668.1
2021-03-23 00:00:00,4.082,4.271,4.04,4.093,55325450
2021-03-24 00:00:00,4.093,4.313,3.443,3.694,82108425.1
2021-03-25 00:00:00,3.692,3.781,3.526,3.677,80382887.3
2021-03-26 00:00:00,3.676,4.197,3.673,4.191,81025730.2
2021-03-27 00:00:00,4.192,4.206,3.98,4.097,39147349.7
2021-03-28 00:00:00,4.095,4.221,4.034,4.113,44141705.6
2021-03-29 00:00:00,4.113,4.32,4.069,4.282,45188161.4
2021-03-30 00:00:00,4.282,4.417,4.21,4.344,41755499.2
2021-03-31 00:00:00,4.345,4.915,4.059,4.813,107190419.8
2021-04-01 00:00:00,4.813,6.003,4.72,5.606,191015381.4
2021-04-02 00:00:00,5.607,6.374,5.381,6.266,171248344.6
2021-04-03 00:00:00,6.265,6.51,5.217,5.418,180592868.9
2021-04-04 00:00:00,5.417,6.313,5.336,6.289,124928929.5
2021-04-05 00:00:00,6.288,7.105,5.835,6.702,173218992.3
2021-04-06 00:00:00,6.704,7.126,6.15,6.654,158143948.2
2021-04-07 00:00:00,6.655,7.06,5.733,5.891,163700875
2021-04-08 00:00:00,5.892,6.485,5.811,6.452,76208921.5
2021-04-09 00:00:00,6.451,6.613,6.075,6.217,54603895.8
2021-04-10 00:00:00,6.218,6.778,6.16,6.625,71665390.9
2021-04-11 00:00:00,6.626,7.092,6.566,6.738,75638409.4
2021-04-12 00:00:00,6.738,6.888,6.292,6.485,61601911.4
2021-04-13 00:00:00,6.486,7.57,6.43,7.394,121541399.2
2021-04-14 00:00:00,7.394,8.112,7.02,7.68,178376988
2021-04-15 00:00:00,7.681,7.944,7.287,7.899,88382101.6
2021-04-16 00:00:00,7.9,8.774,7.05,8.516,194705859.3
2021-04-17 00:00:00,8.517,8.878,7.6,7.795,128785327.7
2021-04-18 00:00:00,7.794,7.956,5.629,7.292,206973939.8
2021-04-19 00:00:00,7.29,7.502,6.482,6.606,111130204.6
2021-04-20 00:00:00,6.606,6.86,6.054,6.702,96613674.5
2021-04-21 00:00:00,6.699,6.861,6.227,6.323,71369452.2
2021-04-22 00:00:00,6.323,6.833,5.587,5.864,103036217.8
2021-04-23 00:00:00,5.862,6.008,4.441,5.574,176076940.6
2021-04-24 00:00:00,5.573,5.596,5.027,5.088,68049971.7
2021-04-25 00:00:00,5.089,5.469,4.61,5.001,69557882.6
2021-04-26 00:00:00,5.002,5.908,4.924,5.868,96699821.1
2021-04-27 00:00:00,5.867,6.113,5.751,6.066,73270033.3
2021-04-28 00:00:00,6.066,6.231,5.685,5.959,72921877.5
2021-04-29 00:00:00,5.96,6.064,5.613,5.899,61225782.6
2021-04-30 00:00:00,5.899,6.465,5.784,6.457,70442379.7
2021-05-01 00:00:00,6.457,6.668,6.297,6.62,49148236.8
2021-05-02 00:00:00,6.621,6.707,6.171,6.535,59507985.1
2021-05-03 00:00:00,6.535,6.908,6.528,6.817,67370061
2021-05-04 00:00:00,6.819,7.099,6.139,6.342,146665766.7
2021-05-05 00:00:00,6.342,8.853,6.2,8.732,206413637.6
2021-05-06 00:00:00,8.732,12.885,8.409,11.489,541775976.8
2021-05-07 00:00:00,11.49,13.306,9.566,10.378,352197719.9
2021-05-08 00:00:00,10.379,11.222,9.611,10.354,187133463
2021-05-09 00:00:00,10.355,11.122,9.098,10.54,172805778.4
2021-05-10 00:00:00,10.539,11.019,8.058,9.271,213840034.3
2021-05-11 00:00:00,9.271,14.558,8.774,14.527,571866428.7
2021-05-12 00:00:00,14.523,14.927,10.15,10.377,442902309.7
2021-05-13 00:00:00,10.366,11.646,9.3,10.615,355033966.8
2021-05-14 00:00:00,10.614,11.671,10.516,11.161,163923202.5
2021-05-15 00:00:00,11.16,11.941,10.111,10.236,207118257.8
2021-05-16 00:00:00,10.237,11.236,9.425,10.113,146314883.4
2021-05-17 00:00:00,10.112,10.134,8.595,9.145,213166469.2
2021-05-18 00:00:00,9.146,10.031,8.95,9.33,145257696.3
2021-05-19 00:00:00,9.329,9.489,3.992,5.684,367881573.7
2021-05-20 00:00:00,5.683,7.011,5.095,6.643,240451532.6
2021-05-21 00:00:00,6.645,6.926,4.836,5.554,183316945.6
2021-05-22 00:00:00,5.554,5.667,4.896,5.102,148064052
2021-05-23 00:00:00,5.102,5.324,3.566,4.286,228964808.7
2021-05-24 00:00:00,4.288,5.643,4.164,5.64,196462532.2
2021-05-25 00:00:00,5.641,6,5.053,5.691,181365420.4
2021-05-26 00:00:00,5.691,6.511,5.534,6.433,144984945.4
2021-05-27 00:00:00,6.433,7.671,6.049,7.022,267097832.4
2021-05-28 00:00:00,7.023,7.075,5.826,6.114,234514749
2021-05-29 00:00:00,6.114,6.814,5.745,6.023,209190651.2
2021-05-30 00:00:00,6.023,6.378,5.528,6.034,161766447.8
2021-05-31 00:00:00,6.034,6.684,5.736,6.625,147706297.7
2021-06-01 00:00:00,6.628,6.756,6.06,6.303,122966435.3
2021-06-02 00:00:00,6.303,6.548,6.123,6.373,91311107.4
2021-06-03 00:00:00,6.373,6.7,6.223,6.535,90936933.5
2021-06-04 00:00:00,6.534,6.545,5.775,6.016,113621344.7
2021-06-05 00:00:00,6.016,6.222,5.632,5.775,83009207.2
2021-06-06 00:00:00,5.774,5.954,5.711,5.844,57149140.4
2021-06-07 00:00:00,5.845,5.972,5.07,5.188,96782772.9
2021-06-08 00:00:00,5.188,5.254,4.502,5.05,180432875.9
2021-06-09 00:00:00,5.049,5.4,4.766,5.338,139766608.8
2021-06-10 00:00:00,5.338,5.471,4.923,5.079,110581310.9
2021-06-11 00:00:00,5.079,5.393,4.855,4.915,124457945.2
2021-06-12 00:00:00,4.916,4.916,4.582,4.829,98295905.8
2021-06-13 00:00:00,4.829,5.109,4.655,5.089,76310170.3
2021-06-14 00:00:00,5.09,5.324,4.953,5.295,78028751.9
2021-06-15 00:00:00,5.296,5.396,5.105,5.182,72964877.8
2021-06-16 00:00:00,5.181,5.232,4.812,4.865,81537653.6
2021-06-17 00:00:00,4.864,5.084,4.751,4.871,63828829.3
2021-06-18 00:00:00,4.87,4.894,4.383,4.563,90194588.8
2021-06-19 00:00:00,4.561,4.704,4.446,4.458,62712979.3
2021-06-20 00:00:00,4.46,4.533,4.1,4.505,89701953.7
2021-06-21 00:00:00,4.506,4.522,3.502,3.518,176308485.2
2021-06-22 00:00:00,3.517,3.759,3.037,3.387,229855228.2
2021-06-23 00:00:00,3.387,3.806,3.25,3.669,126707443.1
2021-06-24 00:00:00,3.671,3.93,3.513,3.923,113842839.5
2021-06-25 00:00:00,3.923,4.024,3.504,3.53,130511693.1
2021-06-26 00:00:00,3.531,3.657,3.348,3.57,101389945.1
2021-06-27 00:00:00,3.569,3.779,3.486,3.774,70638659.4
2021-06-28 00:00:00,3.775,3.945,3.686,3.852,73495291.4
2021-06-29 00:00:00,3.851,4.294,3.836,4.129,125541650.7
2021-06-30 00:00:00,4.13,4.306,3.832,4.138,115209074.6
2021-07-01 00:00:00,4.137,4.209,3.85,3.92,104198409
2021-07-02 00:00:00,3.92,4.001,3.742,3.922,89771272.4
2021-07-03 00:00:00,3.922,4.064,3.85,4.051,59481129.6
2021-07-04 00:00:00,4.051,4.187,3.951,4.061,69432602.2
2021-07-05 00:00:00,4.061,4.061,3.756,3.808,77494593.6
2021-07-06 00:00:00,3.809,4.006,3.78,3.876,72089742.8
2021-07-07 00:00:00,3.876,3.98,3.812,3.822,56293271.9
2021-07-08 00:00:00,3.822,3.84,3.518,3.595,84333282.1
2021-07-09 00:00:00,3.595,4.328,3.452,4.22,289256697.9
2021-07-10 00:00:00,4.22,4.42,3.87,3.965,188305614.8
2021-07-11 00:00:00,3.965,4.178,3.833,4.078,130420152.8
2021-07-12 00:00:00,4.079,4.378,4.04,4.188,220764579.4
2021-07-13 00:00:00,4.188,4.215,3.781,3.889,144226076.2
2021-07-14 00:00:00,3.89,3.928,3.588,3.797,143864739.7
2021-07-15 00:00:00,3.797,3.917,3.55,3.671,104391482.4
2021-07-16 00:00:00,3.671,3.836,3.528,3.652,118062938.3
2021-07-17 00:00:00,3.652,3.78,3.58,3.655,115631768.4
2021-07-18 00:00:00,3.656,3.775,3.55,3.635,70640635
2021-07-19 00:00:00,3.636,3.683,3.397,3.435,84592866.3
2021-07-20 00:00:00,3.435,3.544,3.148,3.257,126701566.9
2021-07-21 00:00:00,3.257,3.57,3.207,3.502,109225103.9
2021-07-22 00:00:00,3.502,3.58,3.417,3.563,77402395.7
2021-07-23 00:00:00,3.562,3.664,3.451,3.634,66163790.7
2021-07-24 00:00:00,3.634,3.739,3.614,3.664,65749170
2021-07-25 00:00:00,3.664,3.696,3.545,3.656,61977395.3
2021-07-26 00:00:00,3.656,4,3.627,3.678,144487394
2021-07-27 00:00:00,3.678,3.79,3.601,3.754,90764591.9
2021-07-28 00:00:00,3.754,4.018,3.68,3.921,129269755.5
2021-07-29 00:00:00,3.92,3.988,3.801,3.966,63329652.7
2021-07-30 00:00:00,3.967,4.078,3.777,4.066,78901621.2
2021-07-31 00:00:00,4.066,4.2,4,4.069,86523745.8
2021-08-01 00:00:00,4.07,4.233,3.844,3.938,108565696.1
2021-08-02 00:00:00,3.937,4.16,3.889,4.028,91109878.5
2021-08-03 00:00:00,4.027,4.098,3.865,4.025,73448450.9
2021-08-04 00:00:00,4.025,4.155,3.926,4.117,65565190.5
2021-08-05 00:00:00,4.117,4.219,3.941,4.192,94498749.2
2021-08-06 00:00:00,4.192,4.356,4.103,4.324,81006673.7
2021-08-07 00:00:00,4.324,4.651,4.282,4.594,124490589.1
2021-08-08 00:00:00,4.594,4.671,4.23,4.298,102181107.1
2021-08-09 00:00:00,4.299,4.568,4.162,4.537,104405741.8
2021-08-10 00:00:00,4.538,4.724,4.405,4.601,108988059.9
2021-08-11 00:00:00,4.601,4.983,4.591,4.756,116698103.3
2021-08-12 00:00:00,4.756,5.096,4.54,4.662,154701093.8
2021-08-13 00:00:00,4.663,5.165,4.607,5.161,122156576.5
2021-08-14 00:00:00,5.161,5.56,5.04,5.49,193375114.9
2021-08-15 00:00:00,5.49,5.716,5.12,5.702,145806219.1
2021-08-16 00:00:00,5.703,5.951,5.445,5.519,153308574.9
2021-08-17 00:00:00,5.519,5.692,5.005,5.066,182090751.5
2021-08-18 00:00:00,5.065,5.178,4.727,4.981,155088865.1
2021-08-19 00:00:00,4.981,5.261,4.813,5.256,108947224.6
2021-08-20 00:00:00,5.257,5.482,5.19,5.459,92280679.7
2021-08-21 00:00:00,5.46,5.656,5.275,5.362,101228183.6
2021-08-22 00:00:00,5.362,5.555,5.204,5.419,92128899.4
2021-08-23 00:00:00,5.42,5.717,5.363,5.601,103371429.5
2021-08-24 00:00:00,5.601,5.7,4.867,5.062,137221427.9
2021-08-25 00:00:00,5.062,5.255,4.905,5.212,105736129.6
2021-08-26 00:00:00,5.211,5.282,4.65,4.743,112371369.2
2021-08-27 00:00:00,4.743,5.094,4.621,5.091,99467933.7
2021-08-28 00:00:00,5.092,5.106,4.88,5.011,59989904.6
2021-08-29 00:00:00,5.011,5.246,4.972,5.061,85157544.2
2021-08-30 00:00:00,5.061,5.083,4.8,4.822,73570725.6
2021-08-31 00:00:00,4.823,5.108,4.755,5.04,102349646.1
2021-09-01 00:00:00,5.04,5.341,4.908,5.317,91091397.2
2021-09-02 00:00:00,5.318,5.395,5.17,5.262,87161786.2
2021-09-03 00:00:00,5.261,5.75,5.135,5.677,145824971
2021-09-04 00:00:00,5.677,5.899,5.55,5.698,143621828.7
2021-09-05 00:00:00,5.699,6.343,5.504,6.301,169009715.5
2021-09-06 00:00:00,6.302,6.435,5.896,6.224,166789205
2021-09-07 00:00:00,6.223,6.264,3.93,4.886,312748063
2021-09-08 00:00:00,4.885,4.963,4.42,4.745,153690989.6
2021-09-09 00:00:00,4.745,4.953,4.654,4.819,111751868.1
2021-09-10 00:00:00,4.819,5.059,4.45,4.566,111196157
2021-09-11 00:00:00,4.567,4.791,4.548,4.677,69727148.5
2021-09-12 00:00:00,4.677,4.95,4.575,4.883,76682243.6
2021-09-13 00:00:00,4.883,4.949,4.482,4.742,110700091.2
2021-09-14 00:00:00,4.742,4.882,4.704,4.866,66718060.8
2021-09-15 00:00:00,4.866,5.162,4.768,5.109,72752686.8
2021-09-16 00:00:00,5.109,5.189,4.877,5.021,79200954.6
2021-09-17 00:00:00,5.022,5.528,4.951,5.255,189146869.3
2021-09-18 00:00:00,5.255,5.507,5.105,5.472,108155323
2021-09-19 00:00:00,5.471,5.512,4.851,4.909,87032132.4
2021-09-20 00:00:00,4.909,4.933,4.065,4.201,178758022.9
2021-09-21 00:00:00,4.201,4.308,3.782,3.885,157421632.7
2021-09-22 00:00:00,3.885,4.329,3.804,4.3,96478928.1
2021-09-23 00:00:00,4.3,4.388,4.19,4.37,67690642.7
2021-09-24 00:00:00,4.37,4.388,3.781,4.025,127432483.9
2021-09-25 00:00:00,4.026,4.097,3.901,4.009,74544075.2
2021-09-26 00:00:00,4.008,4.154,3.67,3.969,114767427.2
2021-09-27 00:00:00,3.968,4.11,3.818,3.824,72904301.3
2021-09-28 00:00:00,3.825,3.899,3.652,3.678,72174040.4
2021-09-29 00:00:00,3.678,3.869,3.632,3.741,65233256.6
2021-09-30 00:00:00,3.741,3.946,3.717,3.936,60144786.2
2021-10-01 00:00:00,3.937,4.29,3.904,4.275,86543110.4
2021-10-02 00:00:00,4.275,4.463,4.188,4.322,61586481.1
2021-10-03 00:00:00,4.322,4.865,4.22,4.642,118573913.7
2021-10-04 00:00:00,4.641,4.746,4.33,4.593,114684203.7
2021-10-05 00:00:00,4.594,4.79,4.545,4.733,89279996
2021-10-06 00:00:00,4.734,4.929,4.37,4.753,129862755.2
2021-10-07 00:00:00,4.753,4.844,4.551,4.725,103804233.4
2021-10-08 00:00:00,4.725,4.838,4.569,4.651,74918560.6
2021-10-09 00:00:00,4.652,5.072,4.612,5.006,82952467.6
2021-10-10 00:00:00,5.006,5.013,4.56,4.576,80600287
2021-10-11 00:00:00,4.576,4.76,4.425,4.549,86458780.4
2021-10-12 00:00:00,4.549,4.551,4.257,4.493,104856185.8
2021-10-13 00:00:00,4.493,4.613,4.37,4.607,82870425.3
2021-10-14 00:00:00,4.607,4.739,4.551,4.628,69270174.8
2021-10-15 00:00:00,4.627,4.743,4.443,4.648,108225355
2021-10-16 00:00:00,4.649,4.723,4.527,4.573,61024558.9
2021-10-17 00:00:00,4.574,4.606,4.204,4.413,60225939.1
2021-10-18 00:00:00,4.412,4.57,4.359,4.423,70422152.8
2021-10-19 00:00:00,4.422,4.521,4.365,4.462,51980246
2021-10-20 00:00:00,4.462,4.898,4.45,4.834,75252855
2021-10-21 00:00:00,4.834,4.959,4.599,4.672,97767155.2
2021-10-22 00:00:00,4.672,4.794,4.555,4.618,56418766.6
2021-10-23 00:00:00,4.619,4.774,4.586,4.752,44556712.4
2021-10-24 00:00:00,4.752,5.094,4.66,4.748,123897193
2021-10-25 00:00:00,4.749,4.854,4.717,4.823,52285348.4
2021-10-26 00:00:00,4.824,4.94,4.655,4.72,62825170.6
2021-10-27 00:00:00,4.719,4.779,3.75,4.149,143061946.6
2021-10-28 00:00:00,4.149,4.496,4.131,4.402,88881270.9
2021-10-29 00:00:00,4.401,4.545,4.375,4.503,49643482.9
2021-10-30 00:00:00,4.502,4.524,4.351,4.485,45402175.1
2021-10-31 00:00:00,4.483,4.774,4.439,4.638,81013969.5
2021-11-01 00:00:00,4.638,4.72,4.459,4.641,67574017.2
2021-11-02 00:00:00,4.641,4.799,4.58,4.705,47338840.4
2021-11-03 00:00:00,4.705,4.878,4.511,4.711,93253446.5
2021-11-04 00:00:00,4.711,4.764,4.436,4.546,57274878.3
2021-11-05 00:00:00,4.546,4.603,4.46,4.508,43623340.3
2021-11-06 00:00:00,4.508,4.553,4.219,4.45,50738800.3
2021-11-07 00:00:00,4.45,4.606,4.42,4.605,34331254.1
2021-11-08 00:00:00,4.605,4.898,4.585,4.866,71559113.1
2021-11-09 00:00:00,4.866,5.39,4.84,5.215,191135839.4
2021-11-10 00:00:00,5.214,5.4,4.504,4.842,155921417.2
2021-11-11 00:00:00,4.841,5.03,4.795,4.924,59251161.3
2021-11-12 00:00:00,4.923,5.108,4.666,4.849,99781608.8
2021-11-13 00:00:00,4.85,5.073,4.797,5.011,47177039.1
2021-11-14 00:00:00,5.011,5.093,4.832,4.955,43445122
2021-11-15 00:00:00,4.956,5.1,4.761,4.81,55297554.2
2021-11-16 00:00:00,4.81,4.813,4.046,4.326,115698927
2021-11-17 00:00:00,4.327,4.413,4.17,4.368,68203257.3
2021-11-18 00:00:00,4.368,4.444,3.93,4.087,96318324.8
2021-11-19 00:00:00,4.087,4.319,4.047,4.287,63531272.6
2021-11-20 00:00:00,4.288,4.352,4.17,4.342,46144058.7
2021-11-21 00:00:00,4.343,4.385,4.23,4.244,38858075.5
2021-11-22 00:00:00,4.246,4.289,4.053,4.135,68595433.5
2021-11-23 00:00:00,4.136,4.255,4.054,4.235,54032204.9
2021-11-24 00:00:00,4.235,4.264,4.001,4.123,53134900.3
2021-11-25 00:00:00,4.122,4.318,4.097,4.256,46701440.7
2021-11-26 00:00:00,4.256,4.272,3.733,3.852,114886579.7
2021-11-27 00:00:00,3.852,3.977,3.832,3.896,44983003.6
2021-11-28 00:00:00,3.896,3.97,3.656,3.966,66305261.4
2021-11-29 00:00:00,3.966,4.045,3.902,4.004,47949803.1
2021-11-30 00:00:00,4.004,4.177,3.876,4.006,79586305.7
2021-12-01 00:00:00,4.006,4.119,3.932,3.992,49778772.1
2021-12-02 00:00:00,3.991,4.01,3.854,3.966,43904092.4
2021-12-03 00:00:00,3.966,4.172,3.642,3.791,87055948.4
2021-12-04 00:00:00,3.791,3.807,2.366,3.142,278999269.8
2021-12-05 00:00:00,3.143,3.188,2.852,3.03,111344239
2021-12-06 00:00:00,3.031,3.295,2.806,3.27,180006414.5
2021-12-07 00:00:00,3.27,3.331,3.169,3.22,80157051.3
2021-12-08 00:00:00,3.219,3.888,3.116,3.649,338817314.3
2021-12-09 00:00:00,3.648,3.713,3.206,3.218,169556580
2021-12-10 00:00:00,3.219,3.343,3.02,3.037,121378690.1
2021-12-11 00:00:00,3.036,3.567,2.982,3.412,244510388.2
2021-12-12 00:00:00,3.411,3.511,3.234,3.331,108710433.3
2021-12-13 00:00:00,3.33,3.396,3.005,3.091,151404306.9
2021-12-14 00:00:00,3.092,3.429,3.042,3.35,240347614
2021-12-15 00:00:00,3.351,3.496,3.133,3.362,152862010.3
2021-12-16 00:00:00,3.362,3.4,3.19,3.209,87101420.6
2021-12-17 00:00:00,3.209,3.267,3.051,3.15,85581590
2021-12-18 00:00:00,3.151,3.309,3.107,3.24,56460108.4
2021-12-19 00:00:00,3.24,3.306,3.172,3.187,59808196.2
2021-12-20 00:00:00,3.187,3.339,3.088,3.187,102881786.6
2021-12-21 00:00:00,3.187,3.36,3.171,3.311,81253820.1
2021-12-22 00:00:00,3.311,3.43,3.282,3.349,65705041.4
2021-12-23 00:00:00,3.348,3.53,3.303,3.5,69670987.9
2021-12-24 00:00:00,3.501,3.52,3.351,3.378,52571376.9
2021-12-25 00:00:00,3.378,3.448,3.354,3.408,40094551.1
2021-12-26 00:00:00,3.407,3.415,3.31,3.393,43320130.9
2021-12-27 00:00:00,3.394,3.499,3.368,3.391,52228625.6
2021-12-28 00:00:00,3.391,3.392,3.101,3.127,77245826.8
2021-12-29 00:00:00,3.128,3.218,3.003,3.027,70912841.7
2021-12-30 00:00:00,3.027,3.115,2.956,3.076,53487599.7
2021-12-31 00:00:00,3.075,3.15,2.972,3.032,54246240.1
2022-01-01 00:00:00,3.033,3.16,3.032,3.158,32792996.4
2022-01-02 00:00:00,3.157,3.276,3.131,3.252,54031201.2
2022-01-03 00:00:00,3.251,3.252,3.133,3.194,43449098.9
2022-01-04 00:00:00,3.195,3.259,3.141,3.167,53181739.1
2022-01-05 00:00:00,3.166,3.234,2.775,2.894,81145598.6
2022-01-06 00:00:00,2.895,2.936,2.808,2.92,61449215.1
2022-01-07 00:00:00,2.92,2.927,2.698,2.838,98945657.4
2022-01-08 00:00:00,2.839,2.897,2.663,2.75,58877107
2022-01-09 00:00:00,2.749,2.841,2.736,2.792,38726897.5
2022-01-10 00:00:00,2.792,2.824,2.572,2.7,87235989.5
2022-01-11 00:00:00,2.7,2.8,2.686,2.768,49886452
2022-01-12 00:00:00,2.767,2.911,2.761,2.885,45456238.2
2022-01-13 00:00:00,2.885,2.904,2.781,2.79,40441818.7
2022-01-14 00:00:00,2.79,2.929,2.769,2.861,55378023.3
2022-01-15 00:00:00,2.86,2.954,2.844,2.909,45126171.8
2022-01-16 00:00:00,2.908,2.948,2.861,2.903,34230988.2
2022-01-17 00:00:00,2.904,2.908,2.774,2.83,48495937.4
2022-01-18 00:00:00,2.83,2.936,2.744,2.823,75336540.3
2022-01-19 00:00:00,2.824,2.873,2.701,2.738,60320949.7
2022-01-20 00:00:00,2.736,2.855,2.613,2.632,50369044.3
2022-01-21 00:00:00,2.632,2.666,2.291,2.368,133879866.3
2022-01-22 00:00:00,2.367,2.432,2.003,2.22,200067140.8
2022-01-23 00:00:00,2.22,2.29,2.157,2.271,80406851.9
2022-01-24 00:00:00,2.271,2.273,1.989,2.195,129375563.8
2022-01-25 00:00:00,2.196,2.235,2.155,2.223,62922104.3
2022-01-26 00:00:00,2.223,2.382,2.181,2.211,86121228.3
2022-01-27 00:00:00,2.211,2.246,2.122,2.221,73630788.3
2022-01-28 00:00:00,2.222,2.32,2.18,2.307,66817839.2
2022-01-29 00:00:00,2.307,2.381,2.285,2.336,40583947.2
2022-01-30 00:00:00,2.335,2.367,2.259,2.315,40875183
2022-01-31 00:00:00,2.315,2.348,2.204,2.335,56828406.4
2022-02-01 00:00:00,2.335,2.371,2.308,2.353,45583005
2022-02-02 00:00:00,2.353,2.456,2.258,2.275,70976747.8
2022-02-03 00:00:00,2.275,2.311,2.227,2.309,54711355.7
2022-02-04 00:00:00,2.309,2.486,2.288,2.48,72699613.6
2022-02-05 00:00:00,2.48,2.528,2.441,2.476,48043826.4
2022-02-06 00:00:00,2.475,2.549,2.429,2.536,40909035.9
2022-02-07 00:00:00,2.536,2.719,2.488,2.695,74092530.6
2022-02-08 00:00:00,2.694,2.767,2.54,2.63,71365428
2022-02-09 00:00:00,2.629,2.698,2.585,2.668,44383753
2022-02-10 00:00:00,2.669,2.766,2.543,2.547,76512427.2
2022-02-11 00:00:00,2.547,2.599,2.381,2.411,63288617.9
2022-02-12 00:00:00,2.411,2.434,2.327,2.395,47158615.9
2022-02-13 00:00:00,2.395,2.43,2.346,2.377,33710582.6
2022-02-14 00:00:00,2.378,2.394,2.306,2.368,38634343.1
2022-02-15 00:00:00,2.369,2.537,2.362,2.529,36541488.4
2022-02-16 00:00:00,2.529,2.58,2.457,2.547,56432945.9
2022-02-17 00:00:00,2.547,2.582,2.29,2.325,56657898.1
2022-02-18 00:00:00,2.325,2.379,2.271,2.294,53063896
2022-02-19 00:00:00,2.294,2.336,2.227,2.286,48763785.9
2022-02-20 00:00:00,2.287,2.297,2.167,2.197,45441932.9
2022-02-21 00:00:00,2.196,2.272,2.06,2.069,80369139.9
2022-02-22 00:00:00,2.07,2.178,2.026,2.166,55335378.4
2022-02-23 00:00:00,2.166,2.229,2.097,2.102,43913897.4
2022-02-24 00:00:00,2.103,2.122,1.857,2.069,121791192.4
2022-02-25 00:00:00,2.069,2.163,2.028,2.146,55433494.4
2022-02-26 00:00:00,2.145,2.396,2.133,2.161,53057579.7
2022-02-27 00:00:00,2.162,2.248,2.054,2.09,82675125.2
2022-02-28 00:00:00,2.09,2.284,2.06,2.282,71243439.6
2022-03-01 00:00:00,2.282,2.313,2.206,2.264,55239432.2
2022-03-02 00:00:00,2.265,2.284,2.177,2.212,48301294.6
2022-03-03 00:00:00,2.212,2.223,2.12,2.154,43655620.5
2022-03-04 00:00:00,2.154,2.164,1.97,2,60285572.1
2022-03-05 00:00:00,2.001,2.052,1.958,2.041,31643583.3
2022-03-06 00:00:00,2.042,2.057,1.944,1.96,40797808.5
2022-03-07 00:00:00,1.96,2.02,1.868,1.919,52454953.9
2022-03-08 00:00:00,1.919,1.994,1.909,1.969,43166759.4
2022-03-09 00:00:00,1.97,2.079,1.967,2.065,38773131.2
2022-03-10 00:00:00,2.065,2.1,1.929,1.983,52518555.5
2022-03-11 00:00:00,1.982,2.016,1.921,1.972,42916780.5
2022-03-12 00:00:00,1.973,2.008,1.964,1.968,23212900
2022-03-13 00:00:00,1.969,2.006,1.887,1.905,35283509.5
2022-03-14 00:00:00,1.905,1.976,1.882,1.966,37791028.3
2022-03-15 00:00:00,1.966,2.009,1.915,1.985,31160508.4
2022-03-16 00:00:00,1.986,2.095,1.974,2.084,49755612.4
2022-03-17 00:00:00,2.083,2.097,2.05,2.085,22941988.7
2022-03-18 00:00:00,2.085,2.145,2.049,2.127,26971171.2
2022-03-19 00:00:00,2.127,2.225,2.126,2.215,35491215
2022-03-20 00:00:00,2.215,2.277,2.153,2.213,54353290.3
2022-03-21 00:00:00,2.213,2.445,2.144,2.347,123324968.7
2022-03-22 00:00:00,2.347,2.574,2.346,2.549,177804850.5
2022-03-23 00:00:00,2.55,2.586,2.436,2.499,97873861.8
2022-03-24 00:00:00,2.499,2.628,2.435,2.541,73134120.6
2022-03-25 00:00:00,2.542,2.577,2.423,2.505,77464351.7
2022-03-26 00:00:00,2.505,2.515,2.46,2.512,41299927.1
2022-03-27 00:00:00,2.512,2.675,2.482,2.669,71604911.2
2022-03-28 00:00:00,2.67,3.177,2.645,2.86,305589566.1
2022-03-29 00:00:00,2.86,2.97,2.765,2.894,135781324.6
2022-03-30 00:00:00,2.895,3.065,2.802,2.938,101892412.4
2022-03-31 00:00:00,2.938,3.022,2.729,2.828,85100783.4
2022-04-01 00:00:00,2.827,2.868,2.653,2.838,73639423.2
2022-04-02 00:00:00,2.837,2.939,2.762,2.787,49127632
2022-04-03 00:00:00,2.787,2.866,2.721,2.841,40247126.7
2022-04-04 00:00:00,2.842,2.944,2.71,2.89,126990727.6
2022-04-05 00:00:00,2.889,2.91,2.727,2.749,59940551.5
2022-04-06 00:00:00,2.75,2.759,2.411,2.425,87417625.6
2022-04-07 00:00:00,2.425,2.537,2.388,2.501,59221492.4
2022-04-08 00:00:00,2.502,2.522,2.343,2.377,68873905.5
2022-04-09 00:00:00,2.377,2.444,2.358,2.415,47578124.6
2022-04-10 00:00:00,2.415,2.482,2.353,2.36,53354785.7
2022-04-11 00:00:00,2.359,2.379,2.117,2.163,91196244.9
2022-04-12 00:00:00,2.162,2.252,2.151,2.242,51992544.3
2022-04-13 00:00:00,2.243,2.361,2.207,2.358,80380153.9
2022-04-14 00:00:00,2.358,2.37,2.239,2.306,68478321.3
2022-04-15 00:00:00,2.307,2.441,2.29,2.419,94814819
2022-04-16 00:00:00,2.418,2.642,2.401,2.608,151832717.3
2022-04-17 00:00:00,2.608,2.685,2.387,2.415,192758009.1
2022-04-18 00:00:00,2.415,2.458,2.294,2.443,122241453
2022-04-19 00:00:00,2.444,2.698,2.417,2.645,128760548
2022-04-20 00:00:00,2.646,2.888,2.518,2.764,256024181.5
2022-04-21 00:00:00,2.763,2.86,2.444,2.503,215758284.9
2022-04-22 00:00:00,2.503,2.555,2.432,2.456,102178003.4
2022-04-23 00:00:00,2.456,2.487,2.376,2.403,62039770.1
2022-04-24 00:00:00,2.403,2.448,2.334,2.349,52833185.1
2022-04-25 00:00:00,2.349,2.394,2.204,2.376,97844971.7
2022-04-26 00:00:00,2.376,2.45,2.142,2.182,111265969.7
2022-04-27 00:00:00,2.182,2.283,2.158,2.251,71536850.8
2022-04-28 00:00:00,2.252,2.352,2.242,2.313,105240308.7
2022-04-29 00:00:00,2.313,2.377,2.22,2.273,108628131.1
2022-04-30 00:00:00,2.273,2.29,1.91,2.01,113158278.3
2022-05-01 00:00:00,2.009,2.111,1.995,2.106,66107732.6
2022-05-02 00:00:00,2.107,2.152,2.03,2.095,77245389.7
2022-05-03 00:00:00,2.094,2.123,2.015,2.053,55253943.4
2022-05-04 00:00:00,2.053,2.237,2.043,2.224,73722728.1
2022-05-05 00:00:00,2.224,2.249,1.954,2.011,111548250.7
2022-05-06 00:00:00,2.012,2.048,1.935,2.022,79064725.4
2022-05-07 00:00:00,2.023,2.049,1.926,1.976,66857167.5
2022-05-08 00:00:00,1.976,1.993,1.925,1.949,64592068.4
2022-05-09 00:00:00,1.949,1.976,1.508,1.582,177364212.7
2022-05-10 00:00:00,1.582,1.815,1.582,1.716,205764160.7
2022-05-11 00:00:00,1.716,1.737,1.337,1.406,268643640
2022-05-12 00:00:00,1.407,1.455,1.11,1.272,251251059.2
2022-05-13 00:00:00,1.273,1.461,1.257,1.338,118449557
2022-05-14 00:00:00,1.338,1.381,1.249,1.35,80416530.9
2022-05-15 00:00:00,1.35,1.409,1.308,1.405,60327184.5
2022-05-16 00:00:00,1.405,1.408,1.277,1.315,87192270.4
2022-05-17 00:00:00,1.316,1.394,1.31,1.376,66906565.3
2022-05-18 00:00:00,1.377,1.39,1.259,1.266,68952578.3
2022-05-19 00:00:00,1.265,1.336,1.221,1.321,65703240.9
2022-05-20 00:00:00,1.32,1.348,1.244,1.272,76624842.1
2022-05-21 00:00:00,1.271,1.324,1.242,1.306,55036516.8
2022-05-22 00:00:00,1.305,1.371,1.291,1.354,67484142.5
2022-05-23 00:00:00,1.353,1.439,1.29,1.305,89431216
2022-05-24 00:00:00,1.306,1.357,1.27,1.343,70829478.1
2022-05-25 00:00:00,1.343,1.372,1.302,1.322,60025728.3
2022-05-26 00:00:00,1.322,1.34,1.185,1.236,97418374.5
2022-05-27 00:00:00,1.236,1.26,1.184,1.213,101084184.2
2022-05-28 00:00:00,1.214,1.265,1.205,1.255,55873801.9
2022-05-29 00:00:00,1.255,1.295,1.229,1.292,50603296
2022-05-30 00:00:00,1.292,1.402,1.281,1.387,74408927.5
2022-05-31 00:00:00,1.387,1.398,1.327,1.381,84801004.3
2022-06-01 00:00:00,1.381,1.407,1.238,1.265,84267742.5
2022-06-02 00:00:00,1.266,1.298,1.245,1.292,54480253.2
2022-06-03 00:00:00,1.292,1.3,1.232,1.263,51501135.4
2022-06-04 00:00:00,1.263,1.295,1.238,1.284,39869314.6
2022-06-05 00:00:00,1.283,1.294,1.255,1.268,37975547.7
2022-06-06 00:00:00,1.268,1.334,1.26,1.302,61503092.8
2022-06-07 00:00:00,1.301,1.325,1.216,1.284,75549301
2022-06-08 00:00:00,1.284,1.307,1.24,1.252,62845006.5
2022-06-09 00:00:00,1.253,1.276,1.227,1.238,52734782.5
2022-06-10 00:00:00,1.239,1.252,1.16,1.182,68015274
2022-06-11 00:00:00,1.182,1.215,1.096,1.117,89153691.7
2022-06-12 00:00:00,1.117,1.126,1.027,1.028,108587355.2
2022-06-13 00:00:00,1.027,1.043,0.875,0.916,251501199.7
2022-06-14 00:00:00,0.916,0.961,0.85,0.94,163333225.4
2022-06-15 00:00:00,0.941,1.015,0.852,1.008,207055843.6
2022-06-16 00:00:00,1.008,1.024,0.899,0.909,117279159.3
2022-06-17 00:00:00,0.91,0.963,0.902,0.937,86036762.3
2022-06-18 00:00:00,0.937,0.949,0.814,0.886,167133389.9
2022-06-19 00:00:00,0.887,0.978,0.858,0.967,118360326.3
2022-06-20 00:00:00,0.966,0.987,0.922,0.962,106804387.7
2022-06-21 00:00:00,0.961,1.005,0.945,0.964,98749056.5
2022-06-22 00:00:00,0.964,0.964,0.916,0.925,106594434.4
2022-06-23 00:00:00,0.924,0.977,0.92,0.973,82004043.9
2022-06-24 00:00:00,0.974,1.021,0.973,1.004,107702051
2022-06-25 00:00:00,1.004,1.026,0.968,1.008,73632722.5
2022-06-26 00:00:00,1.008,1.039,0.986,0.989,84716854.6
2022-06-27 00:00:00,0.989,1.028,0.965,0.984,105660080.2
2022-06-28 00:00:00,0.984,1.004,0.939,0.944,106109454.2
2022-06-29 00:00:00,0.943,0.958,0.92,0.935,106577032.3
2022-06-30 00:00:00,0.935,0.938,0.868,0.925,118044132.7
2022-07-01 00:00:00,0.926,0.954,0.887,0.91,105293176
2022-07-02 00:00:00,0.911,0.944,0.899,0.938,67677709.1
2022-07-03 00:00:00,0.937,0.949,0.91,0.944,60743231.2
2022-07-04 00:00:00,0.943,0.989,0.918,0.986,87726149.1
2022-07-05 00:00:00,0.985,1.001,0.928,0.971,133452256.7
2022-07-06 00:00:00,0.97,1.009,0.956,0.998,77638752.5
2022-07-07 00:00:00,0.998,1.038,0.988,1.03,57477847.9
2022-07-08 00:00:00,1.03,1.072,1.003,1.013,76197215
2022-07-09 00:00:00,1.013,1.049,1.012,1.038,39609382.2
2022-07-10 00:00:00,1.038,1.039,0.995,1.002,53303414.6
2022-07-11 00:00:00,1.003,1.005,0.933,0.94,72630619.2
2022-07-12 00:00:00,0.94,0.95,0.914,0.915,63584318.5
2022-07-13 00:00:00,0.916,0.955,0.886,0.948,107377826.2
2022-07-14 00:00:00,0.949,0.978,0.914,0.971,82825046
2022-07-15 00:00:00,0.971,0.994,0.958,0.975,65186639.7
2022-07-16 00:00:00,0.974,1.015,0.95,1.008,66964229.6
2022-07-17 00:00:00,1.008,1.025,0.971,0.984,70563900.6
2022-07-18 00:00:00,0.984,1.069,0.981,1.055,98190385.4
2022-07-19 00:00:00,1.055,1.093,1.021,1.075,120064904
2022-07-20 00:00:00,1.075,1.103,1.026,1.04,151427404.3
2022-07-21 00:00:00,1.04,1.057,1.002,1.053,90106471.6
2022-07-22 00:00:00,1.052,1.217,1.037,1.175,300844683.1
2022-07-23 00:00:00,1.175,1.199,1.126,1.164,205055628.3
2022-07-24 00:00:00,1.164,1.264,1.16,1.202,216700609.3
2022-07-25 00:00:00,1.202,1.206,1.096,1.107,139893453.3
2022-07-26 00:00:00,1.106,1.113,1.064,1.11,98386244.2
2022-07-27 00:00:00,1.111,1.26,1.089,1.255,119331890.2
2022-07-28 00:00:00,1.255,1.356,1.231,1.314,159339011.7
2022-07-29 00:00:00,1.313,1.327,1.247,1.299,99360648.4
2022-07-30 00:00:00,1.299,1.386,1.264,1.308,88031244.1
2022-07-31 00:00:00,1.307,1.449,1.276,1.33,140876341.9
2022-08-01 00:00:00,1.331,1.368,1.229,1.255,102243986.9
2022-08-02 00:00:00,1.254,1.269,1.152,1.185,148745580.4
2022-08-03 00:00:00,1.186,1.232,1.147,1.173,88353926.7
2022-08-04 00:00:00,1.173,1.209,1.153,1.187,89931611.6
2022-08-05 00:00:00,1.187,1.27,1.185,1.258,79704655.2
2022-08-06 00:00:00,1.257,1.271,1.22,1.225,53794769.3
2022-08-07 00:00:00,1.226,1.252,1.199,1.229,52993788.3
2022-08-08 00:00:00,1.228,1.286,1.226,1.25,72258201.2
2022-08-09 00:00:00,1.251,1.258,1.154,1.176,92959404.3
2022-08-10 00:00:00,1.176,1.291,1.145,1.276,118883713.8
2022-08-11 00:00:00,1.276,1.336,1.275,1.311,114476726
2022-08-12 00:00:00,1.311,1.33,1.267,1.327,73418984.2
2022-08-13 00:00:00,1.328,1.41,1.321,1.349,74123391.4
2022-08-14 00:00:00,1.349,1.381,1.29,1.304,68333648.4
2022-08-15 00:00:00,1.304,1.354,1.246,1.272,90313597
2022-08-16 00:00:00,1.271,1.383,1.24,1.381,138477171.5
2022-08-17 00:00:00,1.381,1.664,1.371,1.479,1127001112
2022-08-18 00:00:00,1.48,1.562,1.413,1.483,483198666.5
2022-08-19 00:00:00,1.483,1.491,1.226,1.27,523845339.5
2022-08-20 00:00:00,1.271,1.427,1.267,1.41,370267921.1
2022-08-21 00:00:00,1.41,1.588,1.373,1.569,734294053.5
2022-08-22 00:00:00,1.569,1.95,1.467,1.835,1438744095
2022-08-23 00:00:00,1.835,1.9,1.707,1.804,940851983.8
2022-08-24 00:00:00,1.805,1.815,1.673,1.773,540836007
2022-08-25 00:00:00,1.773,1.789,1.657,1.731,481589716.8
2022-08-26 00:00:00,1.732,1.774,1.522,1.547,590694383.8
2022-08-27 00:00:00,1.546,1.56,1.465,1.54,352462439.8
2022-08-28 00:00:00,1.539,1.569,1.409,1.425,274081350.3
2022-08-29 00:00:00,1.424,1.504,1.401,1.493,257093190.4
2022-08-30 00:00:00,1.493,1.517,1.341,1.392,298042741.9
2022-08-31 00:00:00,1.392,1.447,1.361,1.372,250736550.4
2022-09-01 00:00:00,1.373,1.496,1.342,1.48,421021260
2022-09-02 00:00:00,1.48,1.59,1.477,1.545,508559224.8
2022-09-03 00:00:00,1.545,1.6,1.507,1.517,293486716.9
2022-09-04 00:00:00,1.517,1.545,1.465,1.491,176413151.1
2022-09-05 00:00:00,1.49,1.593,1.42,1.568,296560998.3
2022-09-06 00:00:00,1.568,1.588,1.372,1.394,331124839.6
2022-09-07 00:00:00,1.393,1.703,1.358,1.663,670063409.3
2022-09-08 00:00:00,1.663,1.736,1.586,1.601,547622771.4
2022-09-09 00:00:00,1.601,1.748,1.564,1.66,408004398.6
2022-09-10 00:00:00,1.661,1.867,1.632,1.747,400363212.5
2022-09-11 00:00:00,1.747,1.835,1.712,1.738,158022162.6
2022-09-12 00:00:00,1.711,1.777,1.63,1.658,278274856.2
2022-09-13 00:00:00,1.657,1.695,1.459,1.468,293825221.9
2022-09-14 00:00:00,1.468,1.503,1.409,1.473,233854157.6
2022-09-15 00:00:00,1.472,1.483,1.363,1.38,257120386.2
2022-09-16 00:00:00,1.379,1.453,1.377,1.423,241886463.3
2022-09-17 00:00:00,1.423,1.48,1.415,1.461,124465862.8
2022-09-18 00:00:00,1.47,1.473,1.23,1.272,244537427.8
2022-09-19 00:00:00,1.272,1.312,1.208,1.298,260631927.6
2022-09-20 00:00:00,1.298,1.383,1.241,1.336,345205577.6
2022-09-21 00:00:00,1.337,1.363,1.155,1.179,407955350
2022-09-22 00:00:00,1.178,1.251,1.164,1.235,274517148.3
2022-09-23 00:00:00,1.236,1.259,1.164,1.228,288889495.3
2022-09-24 00:00:00,1.227,1.249,1.186,1.196,172484514.1
2022-09-25 00:00:00,1.197,1.22,1.141,1.164,146613232.1
2022-09-26 00:00:00,1.164,1.191,1.132,1.181,228371778.5
2022-09-27 00:00:00,1.181,1.226,1.136,1.152,218012975.7
2022-09-28 00:00:00,1.153,1.166,1.101,1.147,199931706.4
2022-09-29 00:00:00,1.147,1.229,1.143,1.203,393547851.1
2022-09-30 00:00:00,1.203,1.226,1.166,1.182,274856081.8
2022-10-01 00:00:00,1.183,1.234,1.179,1.222,181014877.9
2022-10-02 00:00:00,1.222,1.226,1.151,1.159,181326354.7
2022-10-03 00:00:00,1.159,1.193,1.146,1.186,184072193.6
2022-10-04 00:00:00,1.185,1.208,1.173,1.2,126835408.4
2022-10-05 00:00:00,1.199,1.202,1.154,1.174,117606424.5
2022-10-06 00:00:00,1.174,1.19,1.15,1.154,111329418.7
2022-10-07 00:00:00,1.154,1.166,1.101,1.119,135961406.4
2022-10-08 00:00:00,1.12,1.132,1.088,1.111,75048258.9
2022-10-09 00:00:00,1.111,1.134,1.108,1.119,69042697.9
2022-10-10 00:00:00,1.119,1.132,1.006,1.033,255436900.8
2022-10-11 00:00:00,1.033,1.062,1.003,1.043,165071308.8
2022-10-12 00:00:00,1.043,1.055,1.023,1.037,99775867.5
2022-10-13 00:00:00,1.038,1.042,0.932,1.014,277687977.2
2022-10-14 00:00:00,1.013,1.048,0.991,1.007,147008750
2022-10-15 00:00:00,1.007,1.073,1.001,1.051,201370387.5
2022-10-16 00:00:00,1.051,1.075,1.035,1.05,149566885.1
2022-10-17 00:00:00,1.049,1.068,1.037,1.063,106914306.2
2022-10-18 00:00:00,1.064,1.079,1.019,1.048,177034790.3
2022-10-19 00:00:00,1.048,1.054,0.99,1.004,151426143.2
2022-10-20 00:00:00,1.004,1.091,0.995,1.042,317758730
2022-10-21 00:00:00,1.042,1.079,1.005,1.068,273799154.7
2022-10-22 00:00:00,1.069,1.078,1.044,1.065,127034541.3
2022-10-23 00:00:00,1.066,1.098,1.062,1.094,162047675.1
2022-10-24 00:00:00,1.094,1.097,1.056,1.067,154316786.4
2022-10-25 00:00:00,1.067,1.129,1.05,1.098,230823103.9
2022-10-26 00:00:00,1.098,1.136,1.097,1.126,209099886
2022-10-27 00:00:00,1.126,1.153,1.111,1.123,187179857
2022-10-28 00:00:00,1.124,1.163,1.119,1.135,251588786.4
2022-10-29 00:00:00,1.136,1.164,1.12,1.135,172543996.3
2022-10-30 00:00:00,1.136,1.154,1.077,1.108,132488152.8
2022-10-31 00:00:00,1.109,1.156,1.095,1.147,162723790.6
2022-11-01 00:00:00,1.147,1.181,1.137,1.14,148087108.6
2022-11-02 00:00:00,1.141,1.18,1.097,1.117,207536046.1
2022-11-03 00:00:00,1.118,1.166,1.112,1.147,143857325.2
2022-11-04 00:00:00,1.147,1.198,1.136,1.195,194323514.2
2022-11-05 00:00:00,1.195,1.219,1.14,1.167,169351975.7
2022-11-06 00:00:00,1.167,1.173,1.104,1.111,138345526
2022-11-07 00:00:00,1.111,1.142,1.1,1.132,92782496.8
2022-11-08 00:00:00,1.133,1.153,0.823,0.963,395791605.7
2022-11-09 00:00:00,0.963,0.968,0.783,0.822,291903607.9
2022-11-10 00:00:00,0.822,0.961,0.803,0.937,238139117.3
2022-11-11 00:00:00,0.937,0.948,0.871,0.934,133329314
2022-11-12 00:00:00,0.934,0.937,0.88,0.892,76601991.8
2022-11-13 00:00:00,0.892,0.915,0.861,0.884,84221406.5
2022-11-14 00:00:00,0.884,0.923,0.826,0.916,125557750.5
2022-11-15 00:00:00,0.916,0.951,0.905,0.926,81157851.6
2022-11-16 00:00:00,0.925,0.944,0.891,0.896,68453802.4
2022-11-17 00:00:00,0.897,0.908,0.881,0.9,56311727.5
2022-11-18 00:00:00,0.9,0.918,0.886,0.897,48271123.9
2022-11-19 00:00:00,0.897,0.908,0.873,0.903,42997122.5
2022-11-20 00:00:00,0.903,0.915,0.859,0.87,68316810.7
2022-11-21 00:00:00,0.871,0.88,0.825,0.848,120257158.6
2022-11-22 00:00:00,0.849,0.88,0.831,0.879,83531809.7
2022-11-23 00:00:00,0.88,0.923,0.87,0.91,107095423.4
2022-11-24 00:00:00,0.911,0.92,0.892,0.911,75141566.6
2022-11-25 00:00:00,0.91,0.986,0.891,0.933,177081004.4
2022-11-26 00:00:00,0.932,0.946,0.915,0.933,76571308
2022-11-27 00:00:00,0.933,0.962,0.921,0.928,81636235.2
2022-11-28 00:00:00,0.928,0.935,0.883,0.903,94938610.7
2022-11-29 00:00:00,0.902,0.923,0.897,0.916,62067664.7
2022-11-30 00:00:00,0.916,0.955,0.915,0.949,85949297
2022-12-01 00:00:00,0.949,0.952,0.921,0.932,73343615.8
2022-12-02 00:00:00,0.931,0.949,0.918,0.942,71489965.1
2022-12-03 00:00:00,0.942,0.948,0.915,0.92,49184010.5
2022-12-04 00:00:00,0.92,0.932,0.918,0.928,46102123.1
2022-12-05 00:00:00,0.929,0.955,0.916,0.93,82157950.2
2022-12-06 00:00:00,0.931,0.975,0.925,0.957,128205371.2
2022-12-07 00:00:00,0.958,1.017,0.916,0.99,361103601.1
2022-12-08 00:00:00,0.989,1.004,0.968,0.994,269780687.5
2022-12-09 00:00:00,0.993,1.066,0.992,1.032,310432756.5
2022-12-10 00:00:00,1.031,1.055,1.022,1.032,144651574
2022-12-11 00:00:00,1.033,1.052,0.979,1.002,149832568.9
2022-12-12 00:00:00,1.003,1.004,0.957,0.98,181927587.6
2022-12-13 00:00:00,0.981,1.017,0.947,1,191711718.9
2022-12-14 00:00:00,0.999,1.009,0.964,0.978,124854738.7
2022-12-15 00:00:00,0.977,0.981,0.945,0.956,116932937.3
2022-12-16 00:00:00,0.955,0.963,0.85,0.872,202395552.4
2022-12-17 00:00:00,0.872,0.892,0.856,0.89,120572599
2022-12-18 00:00:00,0.89,0.897,0.876,0.882,51335361.8
2022-12-19 00:00:00,0.882,0.896,0.828,0.847,192963317.8
2022-12-20 00:00:00,0.847,0.894,0.842,0.888,114428582.9
2022-12-21 00:00:00,0.889,0.899,0.871,0.888,113257824.9
2022-12-22 00:00:00,0.889,0.892,0.858,0.887,98797854.8
2022-12-23 00:00:00,0.886,0.894,0.879,0.884,73810628.4
2022-12-24 00:00:00,0.884,0.891,0.874,0.88,44154006.5
2022-12-25 00:00:00,0.88,0.881,0.855,0.876,77760176.3
2022-12-26 00:00:00,0.876,0.889,0.869,0.887,54238780.1
2022-12-27 00:00:00,0.887,0.906,0.879,0.896,86024638.6
2022-12-28 00:00:00,0.895,0.898,0.866,0.871,128635440.6
2022-12-29 00:00:00,0.87,0.877,0.848,0.864,109966427
2022-12-30 00:00:00,0.865,0.868,0.842,0.862,79939740.8
2022-12-31 00:00:00,0.863,0.871,0.857,0.862,45410676.2
2023-01-01 00:00:00,0.861,0.882,0.855,0.879,43384762.6
2023-01-02 00:00:00,0.878,0.898,0.865,0.882,99996174.3
2023-01-03 00:00:00,0.881,0.887,0.868,0.88,69364919.9
2023-01-04 00:00:00,0.88,0.915,0.876,0.907,116767819.5
2023-01-05 00:00:00,0.907,0.911,0.885,0.891,103187504.4
2023-01-06 00:00:00,0.891,0.898,0.869,0.895,115866801.3
2023-01-07 00:00:00,0.894,0.901,0.882,0.889,71198566.2
2023-01-08 00:00:00,0.888,0.913,0.879,0.911,111274068.2
2023-01-09 00:00:00,0.911,0.949,0.908,0.934,236582476.7
2023-01-10 00:00:00,0.935,0.956,0.924,0.947,147777586.7
2023-01-11 00:00:00,0.947,0.995,0.931,0.978,168698275
2023-01-12 00:00:00,0.979,0.999,0.918,0.991,257057588.8
2023-01-13 00:00:00,0.99,1.017,0.966,1.012,172704579.5
2023-01-14 00:00:00,1.011,1.085,1.005,1.053,290548125.6
2023-01-15 00:00:00,1.053,1.096,1.027,1.064,190831938.6
2023-01-16 00:00:00,1.064,1.081,1,1.037,179148958.9
2023-01-17 00:00:00,1.036,1.052,1.017,1.021,145020125.2
2023-01-18 00:00:00,1.021,1.045,0.926,0.956,217440849.1
2023-01-19 00:00:00,0.957,0.982,0.953,0.978,104560519.9
2023-01-20 00:00:00,0.979,1.05,0.966,1.045,124524117.9
2023-01-21 00:00:00,1.046,1.064,1.02,1.028,161590528.7
2023-01-22 00:00:00,1.029,1.131,1.022,1.083,202590928.2
2023-01-23 00:00:00,1.083,1.12,1.056,1.096,177133013.6
2023-01-24 00:00:00,1.096,1.113,1.024,1.036,140826566.2
2023-01-25 00:00:00,1.037,1.124,1.008,1.09,236953526.5
2023-01-26 00:00:00,1.09,1.109,1.062,1.088,133949616.2
2023-01-27 00:00:00,1.088,1.13,1.073,1.113,167635704.3
2023-01-28 00:00:00,1.113,1.124,1.07,1.094,96264331.9
2023-01-29 00:00:00,1.094,1.12,1.084,1.114,87525522
2023-01-30 00:00:00,1.114,1.146,1.019,1.049,179117518.8
2023-01-31 00:00:00,1.048,1.086,1.041,1.062,109499704.8
2023-02-01 00:00:00,1.063,1.086,1.012,1.078,172397525
2023-02-02 00:00:00,1.078,1.119,1.058,1.07,145934868
2023-02-03 00:00:00,1.07,1.105,1.062,1.097,115967047.3
2023-02-04 00:00:00,1.097,1.134,1.083,1.107,86158290.3
2023-02-05 00:00:00,1.107,1.127,1.062,1.082,131058258.3
2023-02-06 00:00:00,1.083,1.094,1.051,1.058,100113741.1
2023-02-07 00:00:00,1.058,1.119,1.055,1.112,110190454.1
2023-02-08 00:00:00,1.113,1.123,1.068,1.085,95726358.6
2023-02-09 00:00:00,1.084,1.157,1.044,1.054,287532477.7
2023-02-10 00:00:00,1.045,1.07,1.027,1.051,149436924.1
2023-02-11 00:00:00,1.051,1.057,1.045,1.051,15210906
